{"name":"aaa","password":"aaa","levelLock":0,"levelData":[{"levelNum":0,"score":0,"stars":0,"played":false},{"levelNum":1,"score":0,"stars":0,"played":false},{"levelNum":2,"score":0,"stars":0,"played":false},{"levelNum":3,"score":0,"stars":0,"played":false},{"levelNum":4,"score":0,"stars":0,"played":false},{"levelNum":5,"score":0,"stars":0,"played":false},{"levelNum":6,"score":0,"stars":0,"played":false},{"levelNum":7,"score":0,"stars":0,"played":false},{"levelNum":8,"score":0,"stars":0,"played":false},{"levelNum":9,"score":0,"stars":0,"played":false},{"levelNum":10,"score":0,"stars":0,"played":false},{"levelNum":11,"score":0,"stars":0,"played":false},{"levelNum":12,"score":0,"stars":0,"played":false},{"levelNum":13,"score":0,"stars":0,"played":false},{"levelNum":14,"score":0,"stars":0,"played":false}],"bonusItems":[]}